heartbeat_id,prediction
2,0
5,0
12,0
17,0
20,0
22,0
35,0
36,0
37,0
39,0
47,0
51,0
65,0
76,0
90,0
91,0
96,0
99,0
104,0
115,1
117,0
120,0
123,0
128,0
131,0
134,0
144,0
147,0
154,0
155,0
161,0
162,0
173,0
181,0
187,0
190,0
191,0
198,0
201,0
202,0
203,0
207,0
217,0
226,0
235,0
242,1
246,0
254,0
263,1
265,0
269,0
285,0
293,1
311,1
318,1
333,1
341,1
360,1
368,1
375,1
381,0
385,1
395,0
397,0
416,1
419,1
423,1
424,0
434,1
435,1
446,1
448,1
465,1
466,1
477,1
487,1
491,1
492,0
500,1
502,0
510,0
526,1
539,0
544,0
546,0
565,0
578,0
587,0
588,0
600,0
601,0
604,0
605,0
606,0
608,1
609,0
612,1
621,0
626,0
627,0
661,0
664,0
668,0
675,0
678,0
683,1
696,0
697,0
701,0
705,1
708,0
711,1
713,0
719,0
721,0
724,0
733,1
746,0
749,0
755,0
759,0
768,0
771,0
772,0
778,0
783,0
789,1
795,0
804,0
809,0
815,0
817,0
825,0
832,0
834,0
836,0
842,0
844,0
848,0
849,0
850,0
855,1
857,0
861,0
865,1
867,1
868,0
872,1
884,0
890,0
892,0
893,0
907,1
908,0
911,0
912,0
918,0
922,0
926,0
937,0
941,0
949,0
956,0
959,0
962,0
972,0
975,0
978,0
982,0
984,0
988,0
993,0
1000,0
1004,0
1006,0
1013,1
1024,0
1032,0
1034,1
1037,0
1039,0
1042,1
1044,0
1046,1
1059,0
1060,0
1062,0
1063,0
1069,0
1072,0
1079,0
1081,0
1085,0
1086,0
1087,0
1089,1
1093,0
1103,0
1104,1
1105,0
1129,0
1137,1
1142,0
1162,0
1163,0
1164,0
1165,0
1166,0
1168,0
1169,0
1180,0
1181,0
1184,0
1186,0
1189,0
1200,0
1201,0
1204,0
1205,0
1217,0
1221,0
1224,0
1225,0
1229,0
1230,0
1237,0
1247,0
1254,0
1260,0
1268,0
1269,0
1271,0
1274,0
1275,0
1278,0
1285,0
1286,0
1290,0
1291,0
1301,0
1304,0
1324,0
1328,0
1331,0
1335,0
1338,0
1339,0
1345,0
1348,0
1349,0
1350,0
1356,0
1357,0
1359,0
1361,0
1362,0
1363,0
1364,0
1365,0
1367,0
1371,0
1375,0
1376,0
1389,1
1392,0
1393,0
1400,0
1406,0
1414,0
1418,1
1421,0
1423,0
1424,0
1426,0
1427,0
1428,0
1436,0
1447,0
1452,0
1466,0
1476,0
1484,0
1491,0
1500,0
1503,0
1505,0
1506,0
1509,0
1515,0
1521,0
1533,0
1536,0
1555,0
1557,0
1563,1
1572,1
1574,1
1576,1
1578,0
1593,0
1597,0
1599,0
1609,1
1617,0
1618,0
1624,0
1625,0
1643,0
1647,0
1648,1
1649,0
1652,0
1654,0
1679,0
1687,0
1688,0
1691,0
1693,0
1694,0
1701,0
1704,0
1705,0
1709,0
1713,0
1724,0
1725,0
1728,0
1729,0
1731,0
1736,0
1737,0
1738,0
1740,0
1743,0
1749,0
1751,0
1757,0
1777,0
1779,1
1780,0
1788,0
1794,3
1798,0
1804,0
1806,0
1812,0
1834,0
1839,0
1840,0
1843,0
1844,0
1845,0
1847,0
1852,0
1857,0
1858,0
1870,0
1872,1
1873,0
1885,0
1887,1
1888,0
1889,1
1891,0
1892,0
1894,0
1895,0
1896,0
1902,0
1904,0
1905,0
1907,0
1913,1
1914,0
1916,0
1924,0
1931,0
1942,0
1943,0
1960,0
1966,0
1967,0
1968,0
1977,0
1982,0
1990,0
1991,1
1994,1
1996,0
2003,0
2005,0
2008,0
2011,0
2015,1
2019,0
2025,0
2028,0
2030,0
2032,0
2036,0
2050,1
2052,0
2062,0
2065,0
2072,0
2090,1
2093,0
2099,0
2101,0
2104,0
2108,0
2112,0
2115,0
2128,0
2132,0
2139,0
2140,0
2164,0
2167,0
2168,0
2178,0
2183,0
2190,0
2191,0
2195,0
2205,1
2207,0
2215,0
2236,0
2247,0
2250,0
2256,0
2258,0
2265,0
2270,0
2271,0
2274,0
2277,0
2279,0
2283,0
2285,1
2291,0
2294,0
2297,0
2310,0
2318,0
2344,0
2348,1
2350,0
2352,0
2355,0
2365,0
2369,0
2378,1
2391,0
2400,0
2406,1
2407,0
2408,0
2409,0
2414,0
2416,0
2423,1
2426,0
2433,0
2444,0
2446,0
2448,0
2462,0
2464,1
2473,0
2474,0
2476,0
2486,1
2487,0
2503,0
2509,0
2510,0
2514,0
2520,0
2526,0
2533,0
2535,0
2536,0
2540,0
2545,0
2552,1
2561,0
2570,0
2572,0
2577,0
2594,0
2597,0
2600,1
2602,0
2615,0
2620,0
2636,1
2641,0
2642,0
2644,0
2653,0
2656,0
2658,0
2659,0
2663,0
2664,4
2667,0
2685,0
2694,0
2696,0
2698,0
2700,0
2711,0
2712,0
2715,0
2720,0
2722,0
2723,0
2727,0
2729,0
2733,0
2741,0
2746,0
2753,0
2765,0
2766,0
2767,1
2774,0
2777,0
2781,0
2807,0
2810,0
2813,0
2816,0
2821,0
2822,0
2824,0
2828,0
2834,0
2840,0
2846,4
2849,1
2857,0
2868,0
2869,0
2871,0
2884,1
2889,0
2899,0
2900,0
2902,0
2904,0
2908,0
2911,0
2914,0
2918,0
2926,0
2934,0
2935,0
2936,4
2938,0
2940,0
2943,0
2954,0
2956,0
2962,0
2964,0
2965,0
2976,0
2977,0
2979,0
2982,0
2986,0
2990,1
2993,0
2998,0
3001,0
3007,0
3008,0
3009,3
3013,0
3019,0
3026,0
3029,0
3033,0
3042,0
3044,0
3046,0
3049,1
3051,0
3052,0
3055,0
3059,0
3062,0
3063,0
3067,0
3070,0
3073,0
3075,0
3085,0
3088,0
3092,0
3093,0
3094,0
3103,0
3105,0
3106,0
3109,1
3111,0
3120,0
3129,1
3133,1
3141,1
3142,1
3145,1
3147,1
3152,1
3153,1
3154,1
3162,3
3163,4
3164,0
3165,1
3169,1
3174,1
3177,1
3182,1
3188,0
3189,1
3203,1
3204,1
3212,3
3213,4
3223,1
3226,1
3229,1
3230,1
3231,1
3235,1
3236,1
3242,1
3244,0
3246,0
3247,1
3249,1
3252,1
3270,1
3282,1
3284,1
3298,1
3299,1
3301,1
3306,1
3311,1
3313,1
3316,4
3319,1
3320,0
3323,1
3326,1
3336,0
3341,1
3359,0
3364,1
3370,1
3375,1
3377,1
3383,3
3385,1
3386,1
3392,1
3400,1
3404,1
3411,1
3412,1
3413,3
3419,1
3422,1
3423,0
3426,1
3427,1
3429,0
3431,4
3438,1
3443,1
3445,1
3446,0
3449,1
3454,0
3457,3
3469,1
3471,1
3472,0
3475,1
3477,0
3479,1
3482,1
3492,1
3502,1
3507,1
3516,0
3518,1
3522,1
3529,1
3534,1
3536,1
3545,0
3549,0
3552,0
3556,1
3558,1
3560,1
3563,0
3564,1
3567,1
3568,1
3572,1
3583,1
3586,1
3590,1
3597,3
3601,1
3607,1
3609,1
3615,1
3618,1
3625,1
3628,1
3633,1
3636,1
3646,1
3650,1
3656,1
3657,1
3662,1
3663,1
3666,1
3670,1
3672,1
3676,1
3679,1
3680,1
3686,1
3689,1
3692,1
3695,1
3714,1
3720,1
3721,1
3723,1
3732,1
3743,1
3744,1
3746,0
3747,0
3749,3
3770,1
3774,1
3784,1
3792,1
3793,1
3794,1
3802,1
3803,1
3810,1
3820,0
3823,1
3841,1
3851,1
3856,4
3861,1
3863,0
3865,1
3866,1
3867,1
3869,1
3884,1
3887,1
3892,1
3899,1
3905,4
3915,3
3916,4
3921,0
3924,0
3927,1
3930,1
3932,1
3943,1
3948,1
3955,1
3959,1
3960,1
3963,1
3966,1
3974,1
3979,1
3993,1
3999,1
4000,1
4003,1
4005,0
4014,1
4018,1
4020,0
4022,1
4024,1
4028,1
4030,1
4038,1
4042,1
4052,1
4055,1
4056,1
4057,1
4064,1
4066,1
4068,1
4077,1
4080,1
4084,1
4088,1
4093,1
4094,1
4099,0
4105,0
4119,1
4128,0
4140,1
4156,1
4169,1
4174,1
4177,1
4179,1
4181,1
4182,1
4191,1
4198,1
4207,1
4209,1
4212,1
4213,1
4221,3
4223,1
4232,1
4235,1
4251,1
4259,1
4264,1
4266,1
4269,1
4271,1
4278,1
4280,1
4284,1
4289,0
4302,0
4308,1
4317,1
4323,0
4331,0
4345,1
4346,0
4356,1
4359,0
4363,0
4374,1
4383,1
4397,0
4407,0
4408,1
4412,1
4417,1
4419,1
4424,1
4426,1
4428,0
4434,1
4439,1
4440,1
4442,0
4456,1
4466,1
4467,1
4470,1
4479,0
4480,1
4490,0
4491,1
4495,1
4501,1
4502,1
4509,0
4513,1
4514,1
4524,1
4528,1
4532,1
4534,1
4535,1
4544,1
4548,1
4549,1
4550,1
4552,1
4554,1
4556,1
4569,1
4575,1
4580,1
4587,1
4591,1
4600,1
4602,0
4607,1
4608,1
4611,1
4615,1
4621,1
4623,1
4627,1
4628,1
4633,1
4644,1
4645,1
4647,0
4648,1
4656,1
4657,1
4666,1
4675,1
4689,1
4690,1
4691,1
4709,1
4712,1
4714,1
4715,1
4718,1
4720,1
4721,1
4725,1
4728,0
4730,1
4736,1
4739,0
4740,1
4745,1
4754,1
4756,1
4764,1
4765,1
4772,1
4773,1
4797,1
4800,0
4811,1
4824,1
4832,1
4834,1
4837,1
4838,1
4839,3
4844,3
4852,1
4855,1
4860,1
4862,0
4865,1
4869,1
4870,1
4878,1
4882,1
4886,1
4896,3
4897,1
4900,3
4911,3
4915,3
4919,3
4925,0
4930,1
4936,3
4940,3
4944,1
4948,3
4952,1
4956,1
4958,0
4960,1
4961,1
4978,3
4979,1
4984,1
4985,3
4989,3
4990,1
4994,3
4996,1
